{
  "type": "FeatureCollection",
  "features": [
    {
      "type":"Feature",
      "properties":{
        "Id":94967,
        "name":94967,
        "lon":"116.378186",
        "lat":"39.912754"
      },
      "geometry":{
        "type":"Point",
        "coordinates":[
          116.378186,
          39.912754]
      }
    },
    {
      "type":"Feature",
      "properties":{
        "Id":106030,
        "name":106030,
        "lon":"116.41153",
        "lat":"39.906399"
      },
      "geometry":{
        "type":"Point",
        "coordinates":[
          116.41153,
          39.906399]
      }
    },
    {
      "type":"Feature",
      "properties":{
        "Id":60756,
        "name":60756,
        "lon":"116.394861",
        "lat":"39.949189"
      },
      "geometry":{
        "type":"Point",
        "coordinates":[
          116.394861,
          39.949189]
      }
    },
    {
      "type":"Feature",
      "properties":{
        "Id":60477,
        "name":60477,
        "lon":"116.325897",
        "lat":"39.756039"
      },
      "geometry":{
        "type":"Point",
        "coordinates":[
          116.325897,
          39.756039]
      }
    }
  ]

}
